,time,open,high,low,close,fast_sma,slow_sma,crossover
49,1727184000,73.17,73.2,73.13,73.16,72.9515,72.5164,bullish crossover
50,1727184300,73.16,73.17,73.08,73.1,72.97850000000001,72.5356,bullish crossover
51,1727184600,73.09,73.14,72.97,73.01,73.0005,72.5548,bullish crossover
52,1727184900,73.01,73.05,72.96,73.0,73.013,72.5738,bullish crossover
53,1727185200,73.0,73.01,72.87,72.94,73.0195,72.591,bullish crossover
54,1727185500,72.93,72.96,72.74,72.78,73.0175,72.60480000000001,bullish crossover
55,1727185800,72.78,72.84,72.72,72.76,73.0085,72.61880000000001,bullish crossover
56,1727186100,72.76,72.87,72.71,72.83,72.9965,72.6332,bullish crossover
57,1727186400,72.83,72.9,72.83,72.85,72.98949999999999,72.6472,bullish crossover
58,1727186700,72.85,72.93,72.85,72.88,72.9835,72.66059999999999,bullish crossover
59,1727187000,72.88,72.91,72.84,72.88,72.97749999999999,72.6738,bullish crossover
60,1727187300,72.88,72.93,72.85,72.92,72.9745,72.6874,bullish crossover
61,1727187600,72.92,73.07,72.92,73.05,72.978,72.7044,bullish crossover
62,1727187900,73.05,73.08,73.03,73.04,72.98249999999999,72.7214,bullish crossover
63,1727188200,73.04,73.07,73.0,73.04,72.9845,72.739,bullish crossover
64,1727188500,73.04,73.04,72.98,73.0,72.98299999999999,72.755,bullish crossover
65,1727188800,73.0,73.0,72.93,72.95,72.9755,72.7706,bullish crossover
66,1727189100,72.95,72.98,72.93,72.94,72.96950000000001,72.78479999999999,bullish crossover
67,1727189400,72.95,72.95,72.81,72.81,72.9555,72.7962,bullish crossover
68,1727189700,72.81,72.9,72.8,72.84,72.93900000000001,72.8056,bullish crossover
69,1727190000,72.84,72.9,72.83,72.87,72.9245,72.81739999999999,bullish crossover
70,1727190300,72.87,72.9,72.86,72.9,72.9145,72.831,bullish crossover
71,1727190600,72.9,72.92,72.82,72.85,72.9065,72.8426,bullish crossover
72,1727190900,72.85,72.85,72.79,72.84,72.89849999999998,72.8546,None
73,1727191200,72.84,72.87,72.81,72.82,72.89250000000001,72.8656,None
74,1727191500,72.83,72.83,72.75,72.81,72.894,72.875,None
75,1727191800,72.81,72.91,72.8,72.85,72.89849999999998,72.888,None
76,1727192100,72.85,72.9,72.8,72.82,72.898,72.8976,None
77,1727192400,72.82,72.9,72.67,72.72,72.8915,72.9038,None
78,1727192700,72.72,72.82,72.72,72.75,72.88499999999999,72.9074,None
79,1727193000,72.75,72.76,72.69,72.72,72.877,72.91199999999999,None
80,1727193300,72.72,72.84,72.62,72.84,72.873,72.91760000000001,None
81,1727193600,72.84,73.09,72.84,73.05,72.873,72.9272,bearish crossover
82,1727193900,73.05,73.21,73.05,73.19,72.88050000000001,72.93599999999999,bearish crossover
83,1727194200,73.19,73.24,72.99,73.04,72.88050000000001,72.94059999999999,bearish crossover
84,1727194500,73.04,73.07,72.95,73.06,72.8835,72.9454,bearish crossover
85,1727194800,73.06,73.14,73.06,73.12,72.89200000000001,72.94900000000001,bearish crossover
86,1727195100,73.12,73.12,72.88,72.93,72.8915,72.9462,bearish crossover
87,1727195400,72.93,72.95,72.76,72.79,72.8905,72.9422,bearish crossover
88,1727195700,72.79,72.81,72.52,72.54,72.8755,72.93299999999999,bearish crossover
89,1727196000,72.54,72.82,72.54,72.73,72.86850000000001,72.9276,bearish crossover
90,1727196300,72.73,72.8,72.66,72.7,72.8585,72.92200000000001,bearish crossover
91,1727196600,72.7,72.71,72.59,72.68,72.85,72.916,bearish crossover
92,1727196900,72.68,72.71,72.64,72.69,72.8425,72.9108,bearish crossover
93,1727197200,72.69,72.69,72.47,72.59,72.83099999999999,72.9026,bearish crossover
94,1727197500,72.59,72.59,72.44,72.53,72.81700000000001,72.8926,bearish crossover
95,1727197800,72.53,72.62,72.39,72.44,72.79650000000001,72.87939999999999,bearish crossover
96,1727198100,72.44,72.53,72.35,72.48,72.7795,72.8678,bearish crossover
97,1727198400,72.48,72.56,72.43,72.44,72.7655,72.85480000000001,bearish crossover
98,1727198700,72.44,72.6,72.39,72.58,72.75699999999999,72.843,bearish crossover
99,1727199000,72.59,72.59,72.28,72.29,72.7355,72.8256,bearish crossover
100,1727199300,72.29,72.3,72.04,72.18,72.7025,72.80720000000001,bearish crossover
101,1727199600,72.18,72.33,72.16,72.3,72.66499999999999,72.793,bearish crossover
102,1727199900,72.3,72.39,72.21,72.26,72.6185,72.77820000000001,bearish crossover
103,1727200200,72.26,72.41,72.25,72.38,72.5855,72.767,bearish crossover
104,1727200500,72.37,72.53,72.35,72.5,72.5575,72.7614,bearish crossover
105,1727200800,72.5,72.59,72.48,72.51,72.527,72.7564,bearish crossover
106,1727201100,72.51,72.52,72.34,72.38,72.49950000000001,72.74740000000001,bearish crossover
107,1727201400,72.38,72.4,72.17,72.17,72.46849999999999,72.7338,bearish crossover
108,1727201700,72.17,72.23,72.06,72.13,72.44800000000001,72.7188,bearish crossover
109,1727202000,72.13,72.19,72.06,72.14,72.4185,72.70400000000001,bearish crossover
110,1727202300,72.14,72.29,72.03,72.26,72.3965,72.6908,bearish crossover
111,1727202600,72.26,72.36,71.94,72.01,72.363,72.67,bearish crossover
112,1727202900,72.01,72.16,71.97,72.07,72.33200000000001,72.6506,bearish crossover
113,1727203200,72.07,72.2,72.03,72.16,72.3105,72.633,bearish crossover
114,1727203500,72.17,72.2,72.07,72.15,72.2915,72.616,bearish crossover
115,1727203800,72.15,72.35,72.08,72.31,72.285,72.6032,bearish crossover
116,1727204100,72.3,72.41,72.26,72.33,72.2775,72.59100000000001,bearish crossover
117,1727204400,72.33,72.44,72.32,72.43,72.277,72.5834,bearish crossover
118,1727204700,72.43,72.45,72.21,72.23,72.2595,72.5712,bearish crossover
119,1727205000,72.22,72.26,72.15,72.19,72.25450000000001,72.55760000000001,bearish crossover
120,1727205300,72.18,72.22,72.1,72.19,72.25500000000001,72.5434,bearish crossover
121,1727205600,72.19,72.2,72.11,72.12,72.24600000000001,72.5288,bearish crossover
122,1727205900,72.12,72.2,72.07,72.14,72.24000000000001,72.5148,bearish crossover
123,1727206200,72.14,72.3,72.09,72.27,72.2345,72.5038,bearish crossover
124,1727206500,72.27,72.29,72.2,72.21,72.22,72.4918,bearish crossover
125,1727206800,72.2,72.29,72.2,72.28,72.2085,72.4804,bearish crossover
126,1727207100,72.28,72.28,72.16,72.21,72.2,72.46820000000001,bearish crossover
127,1727207400,72.21,72.27,72.17,72.24,72.20349999999999,72.45859999999999,bearish crossover
128,1727207700,72.24,72.25,72.11,72.18,72.20599999999999,72.44720000000001,bearish crossover
129,1727208000,72.18,72.23,72.13,72.18,72.208,72.4364,bearish crossover
130,1727208300,72.18,72.28,72.11,72.17,72.2035,72.423,bearish crossover
131,1727208600,72.18,72.26,72.15,72.25,72.2155,72.40700000000001,bearish crossover
132,1727208900,72.25,72.34,72.25,72.28,72.226,72.3888,bearish crossover
133,1727209200,72.28,72.32,72.25,72.25,72.2305,72.373,bearish crossover
134,1727209500,72.25,72.28,72.19,72.22,72.23400000000001,72.3562,bearish crossover
135,1727209800,72.23,72.28,72.2,72.28,72.2325,72.3394,bearish crossover
136,1727210100,72.28,72.3,72.23,72.25,72.22850000000001,72.3258,bearish crossover
137,1727210400,72.26,72.3,72.2,72.23,72.2185,72.3146,bearish crossover
138,1727210700,72.24,72.24,72.14,72.14,72.214,72.3066,bearish crossover
139,1727211000,72.14,72.16,72.1,72.1,72.2095,72.29400000000001,bearish crossover
140,1727211300,72.11,72.18,72.1,72.18,72.20899999999999,72.28359999999999,bearish crossover
141,1727211600,72.18,72.18,72.1,72.13,72.2095,72.2726,bearish crossover
142,1727211900,72.13,72.18,72.12,72.17,72.211,72.2622,bearish crossover
143,1727212200,72.17,72.17,72.1,72.13,72.204,72.253,None
144,1727212500,72.13,72.33,72.1,72.31,72.20899999999999,72.24860000000001,None
145,1727212800,72.31,72.41,72.3,72.37,72.2135,72.2472,None
146,1727213100,72.37,72.44,72.31,72.43,72.2245,72.2462,None
147,1727213400,72.42,72.44,72.38,72.43,72.23400000000001,72.24600000000001,None
148,1727213700,72.44,72.46,72.39,72.46,72.248,72.2436,None
149,1727214000,72.46,72.5,72.46,72.49,72.2635,72.2476,None
150,1727214300,72.49,72.5,72.44,72.47,72.2785,72.2534,None
151,1727214600,72.47,72.48,72.43,72.43,72.2875,72.256,None
152,1727214900,72.43,72.46,72.42,72.46,72.2965,72.26,None
153,1727215200,72.46,72.49,72.43,72.45,72.3065,72.26140000000001,None
154,1727215500,72.45,72.5,72.44,72.48,72.31949999999999,72.26100000000001,bullish crossover
155,1727215800,72.48,72.5,72.48,72.49,72.33,72.26060000000001,bullish crossover
156,1727216100,72.49,72.52,72.48,72.5,72.3425,72.263,bullish crossover
157,1727216400,72.5,72.51,72.48,72.48,72.35499999999999,72.2692,bullish crossover
158,1727216700,72.48,72.5,72.46,72.49,72.3725,72.27640000000001,bullish crossover
159,1727217000,72.49,72.49,72.45,72.46,72.3905,72.2828,bullish crossover
160,1727217300,72.46,72.46,72.36,72.43,72.403,72.2862,bullish crossover
161,1727217600,72.43,72.45,72.39,72.41,72.417,72.2942,bullish crossover
162,1727217900,72.41,72.43,72.39,72.41,72.429,72.301,bullish crossover
163,1727218200,72.41,72.41,72.36,72.39,72.442,72.3056,bullish crossover
164,1727218500,72.38,72.39,72.36,72.37,72.44500000000001,72.31,bullish crossover
165,1727218800,72.38,72.39,72.31,72.32,72.4425,72.3102,bullish crossover
166,1727219100,72.32,72.35,72.25,72.28,72.43499999999999,72.3092,bullish crossover
167,1727219400,72.28,72.28,72.23,72.24,72.4255,72.3054,bullish crossover
168,1727219700,72.24,72.26,72.23,72.25,72.41499999999999,72.3058,bullish crossover
169,1727220000,72.25,72.29,72.24,72.29,72.405,72.3078,bullish crossover
170,1727220300,72.29,72.31,72.29,72.3,72.3965,72.31,bullish crossover
171,1727220600,72.3,72.39,72.29,72.38,72.39399999999999,72.3152,bullish crossover
172,1727220900,72.38,72.4,72.37,72.4,72.391,72.3204,bullish crossover
173,1727221200,72.4,72.41,72.32,72.35,72.386,72.322,bullish crossover
174,1727221500,72.35,72.36,72.34,72.35,72.37950000000001,72.32480000000001,bullish crossover
175,1727221800,72.35,72.4,72.35,72.38,72.374,72.3268,None
176,1727222100,72.38,72.41,72.38,72.41,72.3695,72.3308,None
177,1727226000,72.36,72.36,72.3,72.33,72.362,72.3326,None
178,1727226300,72.33,72.33,72.32,72.33,72.354,72.3356,None
179,1727226600,72.33,72.35,72.33,72.35,72.3485,72.339,None
180,1727226900,72.35,72.36,72.35,72.36,72.345,72.3428,None
181,1727227200,72.36,72.36,72.36,72.36,72.3425,72.345,None
182,1727227500,72.36,72.37,72.36,72.37,72.34049999999999,72.3468,None
183,1727227800,72.37,72.37,72.36,72.36,72.339,72.349,None
184,1727228100,72.36,72.36,72.36,72.36,72.3385,72.3518,None
185,1727228400,72.36,72.36,72.36,72.36,72.34049999999999,72.35340000000001,None
186,1727228700,72.36,72.38,72.36,72.38,72.3455,72.35600000000001,None
187,1727229000,72.38,72.4,72.38,72.4,72.3535,72.35940000000001,None
188,1727229300,72.4,72.4,72.39,72.4,72.361,72.3646,None
189,1727229600,72.4,72.4,72.38,72.38,72.36550000000001,72.3702,None
190,1727229900,72.38,72.38,72.36,72.36,72.3685,72.3738,None
191,1727230200,72.36,72.38,72.36,72.38,72.3685,72.3788,None
192,1727230500,72.38,72.38,72.34,72.34,72.3655,72.3822,None
193,1727230800,72.34,72.34,72.33,72.33,72.36449999999999,72.3862,None
194,1727231100,72.33,72.43,72.33,72.37,72.36550000000001,72.3874,None
195,1727231400,72.37,72.38,72.36,72.37,72.365,72.3874,None
196,1727231700,72.37,72.4,72.36,72.39,72.364,72.3866,None
197,1727232000,72.39,72.4,72.39,72.39,72.36699999999999,72.3858,None
198,1727232300,72.39,72.41,72.39,72.39,72.37,72.3844,None
199,1727232600,72.39,72.4,72.39,72.4,72.37249999999999,72.3826,None
200,1727232900,72.4,72.4,72.39,72.39,72.374,72.381,None
201,1727233200,72.39,72.4,72.36,72.38,72.375,72.38,None
202,1727233500,72.38,72.38,72.32,72.37,72.375,72.37819999999999,None
203,1727233800,72.37,72.38,72.35,72.37,72.37550000000002,72.3766,None
204,1727234100,72.37,72.37,72.32,72.32,72.3735,72.3734,None
205,1727234400,72.32,72.33,72.3,72.32,72.3715,72.37,None
206,1727234700,72.32,72.34,72.3,72.32,72.3685,72.3664,None
207,1727235000,72.32,72.33,72.3,72.31,72.364,72.363,None
208,1727235300,72.31,72.33,72.26,72.26,72.357,72.3584,None
209,1727235600,72.25,72.27,72.23,72.27,72.3515,72.3546,None
210,1727235900,72.27,72.28,72.26,72.26,72.3465,72.3512,None
211,1727236200,72.27,72.28,72.25,72.25,72.34,72.348,None
212,1727236500,72.25,72.26,72.19,72.22,72.334,72.3442,None
213,1727236800,72.22,72.4,72.21,72.37,72.336,72.3438,None
214,1727237100,72.37,72.43,72.35,72.43,72.339,72.345,None
215,1727237400,72.43,72.54,72.42,72.48,72.34450000000001,72.34819999999999,None
216,1727237700,72.48,72.5,72.37,72.37,72.34349999999999,72.35,None
217,1727238000,72.37,72.38,72.27,72.32,72.34,72.3516,None
218,1727238300,72.32,72.34,72.27,72.29,72.33500000000001,72.3524,None
219,1727238600,72.29,72.3,72.21,72.23,72.32650000000001,72.3512,None
220,1727238900,72.23,72.29,72.23,72.29,72.3215,72.351,None
221,1727239200,72.28,72.31,72.24,72.25,72.315,72.3484,None
222,1727239500,72.25,72.25,72.1,72.12,72.3025,72.34280000000001,None
223,1727239800,72.13,72.2,72.11,72.18,72.29299999999999,72.3394,None
224,1727240100,72.18,72.23,72.16,72.2,72.287,72.3364,None
225,1727240400,72.2,72.21,72.14,72.18,72.28,72.33239999999999,bearish crossover
226,1727240700,72.18,72.25,72.18,72.21,72.27450000000002,72.3284,bearish crossover
227,1727241000,72.21,72.23,72.15,72.18,72.268,72.3254,bearish crossover
228,1727241300,72.18,72.2,72.16,72.18,72.264,72.3224,bearish crossover
229,1727241600,72.18,72.2,72.15,72.15,72.25800000000001,72.3184,bearish crossover
230,1727241900,72.16,72.16,72.12,72.15,72.2525,72.3142,bearish crossover
231,1727242200,72.15,72.16,72.1,72.11,72.2455,72.3092,bearish crossover
232,1727242500,72.11,72.14,72.09,72.1,72.23949999999999,72.3038,bearish crossover
233,1727242800,72.1,72.13,72.09,72.11,72.22650000000002,72.2988,bearish crossover
234,1727243100,72.12,72.12,72.05,72.07,72.2085,72.293,bearish crossover
235,1727243400,72.07,72.14,72.07,72.13,72.191,72.2884,bearish crossover
236,1727243700,72.13,72.13,72.09,72.1,72.17750000000001,72.2828,bearish crossover
237,1727244000,72.1,72.11,71.96,71.96,72.1595,72.274,bearish crossover
238,1727244300,71.97,72.01,71.97,72.0,72.145,72.26599999999999,bearish crossover
239,1727244600,72.0,72.07,71.99,72.06,72.1365,72.2596,bearish crossover
240,1727244900,72.07,72.1,72.06,72.06,72.125,72.25359999999999,bearish crossover
241,1727245200,72.06,72.08,72.04,72.07,72.116,72.2474,bearish crossover
242,1727245500,72.07,72.11,72.07,72.08,72.114,72.2422,bearish crossover
243,1727245800,72.08,72.1,72.07,72.09,72.1095,72.2374,bearish crossover
244,1727246100,72.09,72.12,72.09,72.11,72.10499999999999,72.2322,bearish crossover
245,1727246400,72.11,72.12,72.08,72.09,72.1005,72.2266,bearish crossover
246,1727246700,72.09,72.11,72.09,72.09,72.09450000000001,72.2206,bearish crossover
247,1727247000,72.09,72.11,72.08,72.09,72.09,72.2146,bearish crossover
248,1727247300,72.09,72.12,72.08,72.1,72.086,72.2088,bearish crossover
249,1727247600,72.11,72.12,72.1,72.11,72.08399999999999,72.203,bearish crossover
250,1727247900,72.12,72.15,72.11,72.12,72.08250000000001,72.19760000000001,bearish crossover
251,1727248200,72.12,72.14,72.12,72.13,72.08349999999999,72.1926,bearish crossover
252,1727248500,72.13,72.16,72.12,72.12,72.0845,72.1876,bearish crossover
253,1727248800,72.12,72.15,72.12,72.14,72.08599999999998,72.183,bearish crossover
254,1727249100,72.14,72.14,72.12,72.13,72.089,72.1792,bearish crossover
255,1727249400,72.13,72.14,72.12,72.12,72.0885,72.17519999999999,bearish crossover
256,1727249700,72.13,72.14,72.12,72.14,72.09049999999999,72.1716,bearish crossover
257,1727250000,72.14,72.15,72.13,72.14,72.0995,72.16820000000001,bearish crossover
258,1727250300,72.14,72.2,72.14,72.19,72.10900000000001,72.16680000000001,bearish crossover
259,1727250600,72.19,72.19,72.15,72.16,72.114,72.16460000000001,bearish crossover
260,1727250900,72.16,72.18,72.13,72.15,72.1185,72.1624,None
261,1727251200,72.15,72.15,72.13,72.15,72.1225,72.16040000000001,None
262,1727251500,72.15,72.19,72.15,72.17,72.127,72.15939999999999,None
263,1727251800,72.17,72.19,72.16,72.17,72.131,72.1554,None
264,1727252100,72.17,72.17,72.15,72.15,72.13300000000001,72.1498,None
265,1727252400,72.15,72.16,72.14,72.14,72.13550000000001,72.143,None
266,1727252700,72.14,72.14,72.12,72.12,72.137,72.138,None
267,1727253000,72.12,72.14,72.11,72.12,72.13850000000001,72.134,None
268,1727253300,72.12,72.14,72.11,72.13,72.14,72.13080000000001,None
269,1727253600,72.13,72.13,71.98,72.01,72.135,72.1264,None
270,1727253900,72.01,72.02,71.94,71.96,72.127,72.1198,None
271,1727254200,71.96,72.07,71.93,72.04,72.1225,72.1156,None
272,1727254500,72.04,72.05,72.01,72.02,72.11749999999999,72.11359999999999,None
273,1727254800,72.02,72.05,72.0,72.04,72.1125,72.1108,None
274,1727255100,72.04,72.06,71.99,72.01,72.10650000000001,72.10700000000001,None
275,1727255400,72.01,72.04,71.99,72.0,72.10050000000001,72.10340000000001,None
276,1727255700,72.0,72.12,72.0,72.11,72.099,72.1014,None
277,1727256000,72.11,72.11,72.07,72.07,72.0955,72.0992,None
278,1727256300,72.07,72.11,72.06,72.09,72.0905,72.0974,None
279,1727256600,72.1,72.15,72.06,72.06,72.0855,72.0956,None
280,1727256900,72.06,72.13,72.05,72.11,72.0835,72.0948,None
281,1727257200,72.11,72.15,72.1,72.11,72.0815,72.09479999999999,None
282,1727257500,72.1,72.15,72.1,72.11,72.07849999999999,72.095,None
283,1727257800,72.11,72.12,72.03,72.06,72.07300000000001,72.094,None
284,1727258100,72.06,72.12,72.05,72.09,72.07000000000001,72.09440000000001,None
285,1727258400,72.09,72.14,72.01,72.01,72.0635,72.092,None
286,1727258700,72.01,72.03,71.98,72.02,72.05850000000001,72.0904,None
287,1727259000,72.02,72.03,71.95,72.0,72.0525,72.0912,None
288,1727259300,72.0,72.01,71.98,71.98,72.045,72.0908,None
289,1727259600,71.98,71.98,71.84,71.91,72.03999999999999,72.0878,None
290,1727259900,71.91,71.93,71.84,71.89,72.0365,72.0844,None
291,1727260200,71.89,71.92,71.85,71.88,72.02850000000001,72.0806,bearish crossover
292,1727260500,71.88,71.98,71.87,71.93,72.024,72.0776,bearish crossover
293,1727260800,71.93,72.02,71.89,71.95,72.01950000000001,72.07480000000001,bearish crossover
294,1727261100,71.95,72.0,71.91,71.92,72.01500000000001,72.071,bearish crossover
295,1727261400,71.92,71.98,71.91,71.94,72.01200000000001,72.068,bearish crossover
296,1727261700,71.94,72.05,71.9,72.01,72.007,72.0664,bearish crossover
297,1727262000,72.02,72.05,71.89,71.92,71.9995,72.063,bearish crossover
298,1727262300,71.92,72.11,71.91,72.08,71.999,72.0626,bearish crossover
299,1727262600,72.08,72.15,72.07,72.11,72.0015,72.0626,bearish crossover
300,1727262900,72.11,72.25,72.06,72.19,72.00550000000001,72.064,bearish crossover
301,1727263200,72.19,72.26,72.18,72.25,72.0125,72.06639999999999,bearish crossover
302,1727263500,72.25,72.25,72.15,72.16,72.015,72.0672,bearish crossover
303,1727263800,72.14,72.27,72.12,72.2,72.022,72.0684,None
304,1727264100,72.2,72.3,72.2,72.24,72.0295,72.0706,None
305,1727264400,72.24,72.27,72.18,72.18,72.038,72.0718,None
306,1727264700,72.18,72.27,72.14,72.18,72.046,72.07260000000001,None
307,1727265000,72.18,72.3,72.16,72.24,72.058,72.0746,None
308,1727265300,72.24,72.42,72.23,72.41,72.0795,72.079,None
309,1727265600,72.41,72.42,72.25,72.27,72.0975,72.0812,None
310,1727265900,72.27,72.4,72.25,72.36,72.12100000000001,72.08539999999999,None
311,1727266200,72.36,72.4,72.3,72.32,72.143,72.08879999999999,bullish crossover
312,1727266500,72.32,72.35,72.26,72.3,72.1615,72.09140000000001,bullish crossover
313,1727266800,72.3,72.34,72.25,72.25,72.1765,72.093,bullish crossover
314,1727267100,72.25,72.26,72.13,72.16,72.1885,72.0932,bullish crossover
315,1727267400,72.16,72.22,72.13,72.21,72.202,72.0946,bullish crossover
316,1727267700,72.21,72.24,72.13,72.18,72.2105,72.0958,bullish crossover
317,1727268000,72.18,72.19,72.06,72.06,72.2175,72.0946,bullish crossover
318,1727268300,72.06,72.12,71.96,72.03,72.215,72.09259999999999,bullish crossover
319,1727268600,72.03,72.05,71.79,71.79,72.199,72.0882,bullish crossover
320,1727268900,71.79,71.99,71.76,71.95,72.187,72.08800000000001,bullish crossover
321,1727269200,71.95,71.96,71.88,71.9,72.1695,72.0852,bullish crossover
322,1727269500,71.9,71.9,71.82,71.84,72.15350000000001,72.0816,bullish crossover
323,1727269800,71.84,71.88,71.8,71.83,72.135,72.0774,bullish crossover
324,1727270100,71.83,71.89,71.81,71.85,72.1155,72.0742,None
325,1727270400,71.85,71.85,71.73,71.78,72.09549999999999,72.0698,None
326,1727270700,71.78,71.82,71.75,71.78,72.0755,72.06320000000001,None
327,1727271000,71.78,71.87,71.76,71.85,72.056,72.0588,None
328,1727271300,71.85,71.91,71.81,71.82,72.0265,72.0534,None
329,1727271600,71.82,71.83,71.78,71.81,72.0035,72.0484,None
330,1727271900,71.81,71.95,71.79,71.95,71.98299999999999,72.0452,bearish crossover
331,1727272200,71.95,71.96,71.87,71.87,71.9605,72.0404,bearish crossover
332,1727272500,71.87,71.9,71.84,71.85,71.938,72.0352,bearish crossover
333,1727272800,71.85,71.95,71.85,71.92,71.92150000000001,72.0324,bearish crossover
334,1727273100,71.92,71.93,71.89,71.91,71.90899999999999,72.0288,bearish crossover
335,1727273400,71.91,71.94,71.8,71.83,71.89,72.0252,bearish crossover
336,1727273700,71.83,71.86,71.71,71.71,71.8665,72.019,bearish crossover
337,1727274000,71.71,71.74,71.55,71.6,71.84349999999999,72.01100000000001,bearish crossover
338,1727274300,71.6,71.61,71.44,71.46,71.815,72.0006,bearish crossover
339,1727274600,71.46,71.49,71.43,71.47,71.799,71.9918,bearish crossover
340,1727274900,71.47,71.56,71.46,71.5,71.7765,71.984,bearish crossover
341,1727275200,71.5,71.55,71.46,71.53,71.75800000000001,71.977,bearish crossover
342,1727275500,71.53,71.53,71.41,71.42,71.737,71.9668,bearish crossover
343,1727275800,71.42,71.47,71.33,71.34,71.7125,71.95459999999999,bearish crossover
344,1727276100,71.34,71.38,71.2,71.23,71.6815,71.9408,bearish crossover
345,1727276400,71.23,71.24,70.94,71.1,71.6475,71.924,bearish crossover
346,1727276700,71.1,71.14,71.03,71.1,71.6135,71.9058,bearish crossover
347,1727277000,71.1,71.12,70.68,70.8,71.561,71.8834,bearish crossover
348,1727277300,70.8,71.03,70.8,70.91,71.5155,71.86,bearish crossover
349,1727277600,70.91,70.97,70.86,70.89,71.46950000000001,71.8356,bearish crossover
350,1727277900,70.89,70.93,70.75,70.86,71.41499999999999,71.80900000000001,bearish crossover
351,1727278200,70.86,71.0,70.83,70.96,71.36949999999999,71.78320000000001,bearish crossover
352,1727278500,70.96,71.06,70.92,71.02,71.328,71.7604,bearish crossover
353,1727278800,71.02,71.16,70.98,71.05,71.2845,71.7374,bearish crossover
354,1727279100,71.05,71.08,70.9,70.92,71.23499999999999,71.711,bearish crossover
355,1727279400,70.92,71.11,70.88,71.09,71.19800000000001,71.6892,bearish crossover
356,1727279700,71.09,71.17,71.07,71.11,71.16799999999999,71.6678,bearish crossover
357,1727280000,71.12,71.2,70.92,71.18,71.147,71.64659999999999,bearish crossover
358,1727280300,71.18,71.35,71.18,71.26,71.137,71.6236,bearish crossover
359,1727280600,71.26,71.34,71.15,71.27,71.127,71.6036,bearish crossover
360,1727280900,71.27,71.41,71.2,71.35,71.11949999999999,71.5834,bearish crossover
361,1727281200,71.35,71.48,71.33,71.41,71.1135,71.5652,bearish crossover
362,1727281500,71.41,71.67,71.37,71.45,71.115,71.5482,bearish crossover
363,1727281800,71.45,71.62,71.42,71.54,71.125,71.53399999999999,bearish crossover
364,1727282100,71.54,71.59,71.45,71.54,71.1405,71.52159999999999,bearish crossover
365,1727282400,71.54,71.66,71.44,71.56,71.1635,71.5086,bearish crossover
366,1727282700,71.56,71.77,71.5,71.7,71.1935,71.499,bearish crossover
367,1727283000,71.7,71.71,71.54,71.6,71.23349999999999,71.4898,bearish crossover
368,1727283300,71.59,71.6,71.47,71.58,71.26700000000001,71.4808,bearish crossover
369,1727283600,71.58,71.63,71.48,71.51,71.298,71.4752,bearish crossover
370,1727283900,71.51,71.55,71.35,71.41,71.3255,71.4644,bearish crossover
371,1727284200,71.41,71.48,71.38,71.39,71.34700000000001,71.4542,bearish crossover
372,1727284500,71.4,71.52,71.32,71.4,71.36600000000001,71.4454,bearish crossover
373,1727284800,71.41,71.45,71.25,71.35,71.381,71.4358,bearish crossover
374,1727285100,71.35,71.41,71.29,71.39,71.40450000000001,71.4266,None
375,1727285400,71.39,71.62,71.19,71.34,71.417,71.4178,None
376,1727285700,71.35,71.48,71.22,71.43,71.433,71.4108,None
377,1727286000,71.43,71.73,71.42,71.59,71.45349999999999,71.4056,None
378,1727286300,71.59,71.82,71.55,71.64,71.4725,71.402,bullish crossover
379,1727286600,71.64,71.64,71.25,71.42,71.47999999999999,71.3942,bullish crossover
380,1727286900,71.41,71.61,71.3,71.47,71.486,71.3846,bullish crossover
381,1727287200,71.47,71.86,71.45,71.83,71.50699999999999,71.38380000000001,bullish crossover
382,1727287500,71.83,71.89,71.71,71.72,71.5205,71.38119999999999,bullish crossover
383,1727287800,71.73,71.84,71.61,71.67,71.527,71.37620000000001,bullish crossover
384,1727288100,71.66,71.76,71.58,71.72,71.536,71.3724,bullish crossover
385,1727288400,71.72,71.76,71.6,71.67,71.54150000000001,71.3692,bullish crossover
386,1727288700,71.67,71.75,71.56,71.71,71.542,71.3692,bullish crossover
387,1727289000,71.72,71.75,71.35,71.39,71.53150000000001,71.365,bullish crossover
388,1727289300,71.39,71.45,71.29,71.37,71.521,71.36319999999999,bullish crossover
389,1727289600,71.37,71.43,70.96,71.07,71.499,71.35520000000001,bullish crossover
390,1727289900,71.08,71.28,71.07,71.17,71.487,71.3486,bullish crossover
391,1727290200,71.17,71.22,71.03,71.06,71.4705,71.3392,bullish crossover
392,1727290500,71.06,71.08,70.9,70.97,71.449,71.33019999999999,bullish crossover
393,1727290800,70.97,71.02,70.92,70.99,71.431,71.3232,bullish crossover
394,1727291100,70.99,71.0,70.77,70.86,71.4045,71.3158,bullish crossover
395,1727291400,70.86,70.92,70.76,70.79,71.377,71.3096,bullish crossover
396,1727291700,70.79,70.86,70.07,70.3,71.3205,71.2936,None
397,1727292000,70.31,70.46,70.08,70.25,71.2535,71.2826,None
398,1727292300,70.24,70.43,70.2,70.31,71.187,71.2706,bearish crossover
399,1727292600,70.32,70.55,70.3,70.55,71.1435,71.2638,bearish crossover
400,1727292900,70.55,70.71,70.5,70.68,71.104,71.2602,bearish crossover
401,1727293200,70.68,70.68,70.48,70.51,71.03800000000001,71.2512,bearish crossover
402,1727293500,70.51,70.58,70.47,70.57,70.9805,71.2422,bearish crossover
403,1727293800,70.57,70.76,70.51,70.72,70.933,71.2356,bearish crossover
404,1727294100,70.72,70.77,70.62,70.67,70.8805,71.23060000000001,bearish crossover
405,1727294400,70.67,70.68,70.53,70.54,70.824,71.2196,bearish crossover
406,1727294700,70.54,70.63,70.53,70.55,70.766,71.2084,bearish crossover
407,1727295000,70.55,70.63,70.52,70.6,70.7265,71.1968,bearish crossover
408,1727295300,70.6,70.63,70.48,70.52,70.684,71.182,bearish crossover
409,1727295600,70.52,70.53,70.34,70.43,70.652,71.1652,bearish crossover
410,1727295900,70.43,70.47,70.32,70.37,70.612,71.1456,bearish crossover
411,1727296200,70.37,70.43,70.3,70.38,70.578,71.125,bearish crossover
412,1727296500,70.39,70.39,70.23,70.25,70.542,71.101,bearish crossover
413,1727296800,70.26,70.34,70.23,70.33,70.50899999999999,71.0768,bearish crossover
414,1727297100,70.33,70.38,70.31,70.37,70.4845,71.0534,bearish crossover
415,1727297400,70.37,70.54,70.33,70.51,70.4705,71.0324,bearish crossover
416,1727297700,70.51,70.52,70.4,70.44,70.4775,71.0072,bearish crossover
417,1727298000,70.44,70.51,70.4,70.5,70.49000000000001,70.9852,bearish crossover
418,1727298300,70.51,70.6,70.46,70.54,70.5015,70.96440000000001,bearish crossover
419,1727298600,70.54,70.61,70.52,70.57,70.5025,70.9456,bearish crossover
420,1727298900,70.58,70.65,70.53,70.57,70.49699999999999,70.9288,bearish crossover
421,1727299200,70.57,70.65,70.52,70.52,70.49749999999999,70.9114,bearish crossover
422,1727299500,70.52,70.61,70.45,70.49,70.4935,70.89320000000001,bearish crossover
423,1727299800,70.49,70.62,70.47,70.52,70.48349999999999,70.87660000000001,bearish crossover
424,1727300100,70.52,70.52,70.44,70.5,70.475,70.8588,bearish crossover
425,1727300400,70.5,70.54,70.45,70.52,70.47399999999999,70.84240000000001,bearish crossover
426,1727300700,70.52,70.56,70.48,70.54,70.4735,70.8246,bearish crossover
427,1727301000,70.54,70.59,70.53,70.55,70.471,70.8038,bearish crossover
428,1727301300,70.55,70.57,70.5,70.53,70.4715,70.7816,bearish crossover
429,1727301600,70.53,70.58,70.52,70.56,70.478,70.7644,bearish crossover
430,1727301900,70.56,70.61,70.55,70.59,70.489,70.74680000000001,bearish crossover
431,1727302200,70.59,70.6,70.52,70.53,70.4965,70.7208,bearish crossover
432,1727302500,70.53,70.56,70.5,70.51,70.5095,70.6966,bearish crossover
433,1727302800,70.51,70.55,70.5,70.5,70.518,70.6732,bearish crossover
434,1727303100,70.5,70.54,70.48,70.49,70.524,70.6486,bearish crossover
435,1727303400,70.49,70.55,70.48,70.48,70.52250000000001,70.6248,bearish crossover
436,1727303700,70.48,70.54,70.47,70.52,70.5265,70.601,bearish crossover
437,1727304000,70.52,70.52,70.48,70.49,70.526,70.583,bearish crossover
438,1727304300,70.49,70.55,70.49,70.54,70.526,70.5664,None
439,1727304600,70.54,70.56,70.53,70.55,70.525,70.556,None
440,1727304900,70.54,70.59,70.54,70.58,70.5255,70.5442,None
441,1727305200,70.58,70.6,70.56,70.59,70.52900000000001,70.53479999999999,None
442,1727305500,70.59,70.64,70.58,70.63,70.536,70.528,None
443,1727305800,70.63,70.68,70.59,70.65,70.5425,70.5212,None
444,1727306100,70.65,70.66,70.63,70.64,70.5495,70.5168,None
445,1727306400,70.64,70.65,70.61,70.64,70.55550000000001,70.51379999999999,None
446,1727306700,70.64,70.65,70.63,70.63,70.55999999999999,70.5204,None
447,1727307000,70.63,70.63,70.59,70.59,70.562,70.52720000000001,None
448,1727307300,70.59,70.6,70.56,70.6,70.5655,70.533,None
449,1727307600,70.6,70.63,70.6,70.62,70.5685,70.53439999999999,None
450,1727307900,70.62,70.63,70.59,70.61,70.5695,70.533,None
451,1727308200,70.61,70.63,70.6,70.62,70.574,70.53519999999999,None
452,1727308500,70.62,70.64,70.61,70.64,70.5805,70.5366,None
453,1727312400,70.6,70.6,70.41,70.43,70.577,70.5308,None
454,1727312700,70.43,70.45,70.32,70.36,70.5705,70.5246,None
455,1727313000,70.36,70.36,70.27,70.3,70.5615,70.51979999999999,None
456,1727313300,70.3,70.37,70.21,70.3,70.5505,70.51480000000001,None
457,1727313600,70.3,70.32,70.25,70.32,70.542,70.50919999999999,None
458,1727313900,70.32,70.33,70.32,70.32,70.53099999999999,70.5052,None
459,1727314200,70.32,70.33,70.26,70.31,70.51899999999999,70.5028,None
460,1727314500,70.31,70.34,70.31,70.33,70.5065,70.502,None
461,1727314800,70.33,70.35,70.32,70.34,70.494,70.5012,None
462,1727315100,70.35,70.35,70.32,70.34,70.4795,70.503,None
463,1727315400,70.34,70.34,70.3,70.3,70.462,70.5024,None
464,1727315700,70.3,70.34,70.3,70.33,70.4465,70.5016,bearish crossover
465,1727316000,70.33,70.35,70.33,70.34,70.4315,70.4982,bearish crossover
466,1727316300,70.34,70.4,70.34,70.4,70.42,70.4974,bearish crossover
467,1727316600,70.4,70.41,70.39,70.39,70.41,70.4952,bearish crossover
468,1727316900,70.39,70.39,70.36,70.38,70.399,70.492,bearish crossover
469,1727317200,70.39,70.4,70.37,70.37,70.3865,70.488,bearish crossover
470,1727317500,70.37,70.38,70.37,70.38,70.375,70.4842,bearish crossover
471,1727317800,70.38,70.38,70.35,70.35,70.36149999999999,70.4808,bearish crossover
472,1727318100,70.35,70.36,70.34,70.34,70.3465,70.4778,bearish crossover
473,1727318400,70.34,70.34,70.31,70.33,70.3415,70.47399999999999,bearish crossover
474,1727318700,70.33,70.35,70.33,70.35,70.34100000000001,70.47099999999999,bearish crossover
475,1727319000,70.35,70.36,70.33,70.34,70.34299999999999,70.4674,bearish crossover
476,1727319300,70.34,70.36,70.34,70.35,70.34549999999999,70.4636,bearish crossover
477,1727319600,70.35,70.44,70.34,70.38,70.3485,70.4602,bearish crossover
478,1727319900,70.38,70.5,70.38,70.5,70.3575,70.4596,bearish crossover
479,1727320200,70.5,70.52,70.49,70.5,70.367,70.4584,bearish crossover
480,1727320500,70.5,70.53,70.49,70.5,70.3755,70.4566,bearish crossover
481,1727320800,70.5,70.52,70.49,70.5,70.3835,70.456,bearish crossover
482,1727321100,70.5,70.52,70.5,70.52,70.3925,70.4562,bearish crossover
483,1727321400,70.51,70.54,70.5,70.5,70.4025,70.4562,bearish crossover
484,1727321700,70.5,70.53,70.49,70.51,70.4115,70.4566,None
485,1727322000,70.52,70.52,70.49,70.49,70.41900000000001,70.4568,None
486,1727322300,70.49,70.53,70.48,70.52,70.425,70.4568,None
487,1727322600,70.52,70.52,70.46,70.47,70.429,70.45639999999999,None
488,1727322900,70.47,70.55,70.47,70.54,70.437,70.45639999999999,None
489,1727323200,70.54,70.56,70.52,70.54,70.4455,70.45620000000001,None
490,1727323500,70.54,70.54,70.47,70.48,70.4505,70.4542,None
491,1727323800,70.48,70.49,70.45,70.47,70.4565,70.4518,None
492,1727324100,70.47,70.47,70.43,70.46,70.4625,70.4484,None
493,1727324400,70.46,70.49,70.44,70.48,70.47,70.445,None
494,1727324700,70.47,70.48,70.39,70.39,70.47200000000001,70.44,None
495,1727325000,70.39,70.48,70.37,70.48,70.479,70.4368,None
496,1727325300,70.48,70.48,70.43,70.45,70.48400000000001,70.4332,bullish crossover
497,1727325600,70.45,70.48,70.44,70.46,70.488,70.4306,bullish crossover
498,1727325900,70.46,70.55,70.45,70.55,70.4905,70.4296,bullish crossover
499,1727326200,70.55,70.63,70.54,70.62,70.4965,70.4296,bullish crossover
500,1727326500,70.61,70.78,70.61,70.7,70.50649999999999,70.4314,bullish crossover
501,1727326800,70.7,70.7,70.64,70.65,70.514,70.432,bullish crossover
502,1727327100,70.65,70.66,70.61,70.65,70.5205,70.4322,bullish crossover
503,1727327400,70.65,70.65,70.57,70.58,70.5245,70.4352,bullish crossover
504,1727327700,70.58,70.59,70.56,70.59,70.5285,70.43979999999999,bullish crossover
505,1727328000,70.59,70.59,70.55,70.58,70.533,70.4454,bullish crossover
506,1727328300,70.58,70.62,70.56,70.62,70.538,70.4518,bullish crossover
507,1727328600,70.62,70.64,70.55,70.56,70.54249999999999,70.45660000000001,bullish crossover
508,1727328900,70.56,70.6,70.55,70.56,70.54350000000001,70.4614,bullish crossover
509,1727329200,70.56,70.57,70.52,70.56,70.5445,70.46640000000001,bullish crossover
510,1727329500,70.56,70.56,70.46,70.48,70.5445,70.46940000000001,bullish crossover
511,1727329800,70.48,70.56,70.48,70.55,70.5485,70.47359999999999,bullish crossover
512,1727330100,70.55,70.58,70.53,70.55,70.553,70.4778,bullish crossover
513,1727330400,70.55,70.61,70.54,70.54,70.556,70.4826,bullish crossover
514,1727330700,70.54,70.56,70.51,70.52,70.5625,70.4864,bullish crossover
515,1727331000,70.52,70.55,70.51,70.54,70.56550000000001,70.4904,bullish crossover
516,1727331300,70.54,70.56,70.47,70.5,70.56800000000001,70.4924,bullish crossover
517,1727331600,70.5,70.5,70.47,70.49,70.56949999999999,70.4944,bullish crossover
518,1727331900,70.49,70.51,70.47,70.5,70.56700000000001,70.49680000000001,bullish crossover
519,1727332200,70.49,70.51,70.45,70.45,70.55850000000001,70.4984,bullish crossover
520,1727332500,70.45,70.5,70.44,70.48,70.5475,70.5004,None
521,1727332800,70.48,70.5,70.47,70.48,70.539,70.503,None
522,1727333100,70.48,70.55,70.48,70.53,70.53299999999999,70.5068,None
523,1727333400,70.53,70.55,70.53,70.54,70.53099999999999,70.51100000000001,None
524,1727333700,70.54,70.55,70.51,70.54,70.52850000000001,70.51480000000001,None
525,1727334000,70.54,70.57,70.51,70.53,70.526,70.51859999999999,None
526,1727334300,70.53,70.54,70.49,70.49,70.51950000000001,70.5214,None
527,1727334600,70.49,70.51,70.38,70.38,70.51050000000001,70.5214,None
528,1727334900,70.38,70.42,70.38,70.4,70.5025,70.51939999999999,None
529,1727335200,70.4,70.41,70.36,70.36,70.49249999999999,70.5166,None
530,1727335500,70.36,70.37,70.32,70.34,70.4855,70.5134,None
531,1727335800,70.33,70.34,70.28,70.28,70.47200000000001,70.509,None
532,1727336100,70.28,70.3,70.24,70.24,70.4565,70.5034,None
533,1727336400,70.23,70.24,70.18,70.18,70.4385,70.497,bearish crossover
534,1727336700,70.18,70.19,70.03,70.04,70.4145,70.4876,bearish crossover
535,1727337000,70.04,70.07,69.98,69.99,70.387,70.4776,bearish crossover
536,1727337300,69.99,70.0,69.93,69.97,70.3605,70.4666,bearish crossover
537,1727337600,69.97,69.97,69.84,69.85,70.3285,70.4542,bearish crossover
538,1727337900,69.85,69.97,69.8,69.91,70.299,70.44160000000001,bearish crossover
539,1727338200,69.91,69.97,69.86,69.86,70.26950000000001,70.428,bearish crossover
540,1727338500,69.86,69.9,69.8,69.83,70.237,70.415,bearish crossover
541,1727338800,69.84,69.87,69.81,69.85,70.2055,70.4026,bearish crossover
542,1727339100,69.85,69.89,69.84,69.88,70.173,70.391,bearish crossover
543,1727339400,69.88,69.88,69.56,69.58,70.125,70.373,bearish crossover
544,1727339700,69.58,69.63,69.44,69.45,70.0705,70.3542,bearish crossover
545,1727340000,69.46,69.48,69.29,69.29,70.0085,70.3304,bearish crossover
546,1727340300,69.29,69.35,69.0,69.0,69.934,70.3014,bearish crossover
547,1727340600,69.0,69.02,68.74,68.75,69.85249999999999,70.2672,bearish crossover
548,1727340900,68.74,69.12,68.7,68.95,69.78,70.2352,bearish crossover
549,1727341200,68.95,68.95,68.58,68.59,69.6915,70.1946,bearish crossover
550,1727341500,68.59,68.7,68.34,68.38,69.59349999999999,70.1482,bearish crossover
551,1727341800,68.38,68.4,67.96,68.15,69.487,70.0982,bearish crossover
552,1727342100,68.14,68.38,68.14,68.38,69.39399999999999,70.0528,bearish crossover
553,1727342400,68.38,68.55,68.35,68.53,69.3115,70.01180000000001,bearish crossover
554,1727342700,68.53,68.71,68.53,68.66,69.24249999999999,69.97319999999999,bearish crossover
555,1727343000,68.66,68.81,68.59,68.74,69.17999999999999,69.9364,bearish crossover
556,1727343300,68.74,68.94,68.73,68.94,69.1285,69.9028,bearish crossover
557,1727343600,68.94,69.09,68.87,69.09,69.09049999999999,69.8734,bearish crossover
558,1727343900,69.09,69.13,68.89,68.91,69.04050000000001,69.8404,bearish crossover
559,1727344200,68.91,68.91,68.76,68.81,68.988,69.8054,bearish crossover
560,1727344500,68.81,68.96,68.8,68.87,68.94,69.7732,bearish crossover
561,1727344800,68.88,68.92,68.65,68.7,68.8825,69.73620000000001,bearish crossover
562,1727345100,68.69,68.86,68.68,68.76,68.8265,69.7004,bearish crossover
563,1727345400,68.76,68.84,68.71,68.75,68.785,69.66460000000001,bearish crossover
564,1727345700,68.75,68.82,68.71,68.74,68.7495,69.629,bearish crossover
565,1727346000,68.74,68.79,68.65,68.72,68.721,69.5926,bearish crossover
566,1727346300,68.72,68.75,68.68,68.69,68.7055,69.5564,bearish crossover
567,1727346600,68.69,68.69,68.42,68.6,68.69800000000001,69.51859999999999,bearish crossover
568,1727346900,68.6,68.68,68.53,68.63,68.682,69.4812,bearish crossover
569,1727347200,68.63,68.85,68.63,68.84,68.69449999999999,69.44900000000001,bearish crossover
570,1727347500,68.84,68.93,68.77,68.92,68.7215,69.4178,bearish crossover
571,1727347800,68.92,69.07,68.9,69.07,68.7675,69.3896,bearish crossover
572,1727348100,69.07,69.12,68.96,68.99,68.798,69.35879999999999,bearish crossover
573,1727348400,68.99,69.17,68.99,69.16,68.82950000000001,69.3312,bearish crossover
574,1727348700,69.16,69.22,69.04,69.05,68.849,69.3014,bearish crossover
575,1727349000,69.05,69.06,68.91,68.96,68.86,69.27,bearish crossover
576,1727349300,68.96,69.03,68.93,68.99,68.8625,69.24,bearish crossover
577,1727349600,69.0,69.05,68.84,68.84,68.85,69.2092,bearish crossover
578,1727349900,68.85,68.88,68.79,68.84,68.84649999999999,69.178,bearish crossover
579,1727350200,68.82,68.86,68.69,68.73,68.8425,69.1454,bearish crossover
580,1727350500,68.73,68.79,68.54,68.62,68.83000000000001,69.11099999999999,bearish crossover
581,1727350800,68.62,68.89,68.61,68.77,68.8335,69.0808,bearish crossover
582,1727351100,68.77,69.08,68.7,69.07,68.849,69.0574,bearish crossover
583,1727351400,69.07,69.11,68.86,68.91,68.857,69.032,bearish crossover
584,1727351700,68.9,69.08,68.88,69.08,68.874,69.01280000000001,bearish crossover
585,1727352000,69.08,69.24,68.97,68.97,68.8865,68.9924,bearish crossover
586,1727352300,68.97,69.23,68.94,69.19,68.9115,68.9768,bearish crossover
587,1727352600,69.19,69.26,69.07,69.1,68.9365,68.9618,None
588,1727352900,69.1,69.12,68.91,68.98,68.954,68.94319999999999,None
589,1727353200,68.98,69.0,68.9,68.99,68.9615,68.9258,None
590,1727353500,68.99,69.07,68.88,69.02,68.9665,68.9096,bullish crossover
591,1727353800,69.02,69.21,68.91,69.19,68.9725,68.8964,bullish crossover
592,1727354100,69.19,69.27,69.11,69.23,68.9845,68.8834,bullish crossover
593,1727354400,69.23,69.49,69.18,69.48,69.0005,68.8814,bullish crossover
594,1727354700,69.49,69.51,69.44,69.47,69.02149999999999,68.8818,bullish crossover
595,1727355000,69.47,69.49,69.28,69.33,69.03999999999999,68.8826,bullish crossover
596,1727355300,69.32,69.44,69.29,69.43,69.06199999999998,68.8912,bullish crossover
597,1727355600,69.43,69.54,69.42,69.54,69.09700000000001,68.907,bullish crossover
598,1727355900,69.54,69.54,69.44,69.48,69.129,68.9176,bullish crossover
599,1727356200,69.48,69.54,69.46,69.52,69.16850000000001,68.9362,bullish crossover
600,1727356500,69.51,69.54,69.39,69.46,69.2105,68.95779999999999,bullish crossover
601,1727356800,69.46,69.46,69.27,69.35,69.23949999999999,68.98179999999999,bullish crossover
602,1727357100,69.35,69.39,69.28,69.28,69.25,68.9998,bullish crossover
603,1727357400,69.28,69.48,69.28,69.41,69.275,69.0174,bullish crossover
604,1727357700,69.41,69.41,69.09,69.16,69.279,69.0274,bullish crossover
605,1727358000,69.16,69.25,69.14,69.16,69.2885,69.0358,bullish crossover
606,1727358300,69.16,69.18,69.0,69.01,69.2795,69.0372,bullish crossover
607,1727358600,69.01,69.01,68.89,68.96,69.27250000000001,69.0346,bullish crossover
608,1727358900,68.97,68.98,68.76,68.81,69.264,69.0326,bullish crossover
609,1727359200,68.81,68.84,68.63,68.67,69.248,69.0298,bullish crossover
610,1727359500,68.67,68.8,68.65,68.69,69.2315,69.0262,bullish crossover
611,1727359800,68.69,68.74,68.5,68.55,69.1995,69.0232,bullish crossover
612,1727360100,68.55,68.6,68.46,68.47,69.1615,69.0174,bullish crossover
613,1727360400,68.47,68.67,68.45,68.65,69.11999999999999,69.0154,bullish crossover
614,1727360700,68.64,68.72,68.6,68.69,69.081,69.0144,bullish crossover
615,1727361000,68.69,68.81,68.61,68.68,69.0485,69.0136,None
616,1727361300,68.68,68.72,68.47,68.52,69.003,69.0102,None
617,1727361600,68.52,68.58,68.48,68.53,68.9525,69.00880000000001,bearish crossover
618,1727361900,68.53,68.54,68.25,68.31,68.89399999999999,69.0024,bearish crossover
619,1727362200,68.31,68.45,68.31,68.39,68.8375,68.9934,bearish crossover
620,1727362500,68.39,68.44,68.27,68.4,68.7845,68.983,bearish crossover
621,1727362800,68.39,68.68,68.37,68.68,68.751,68.9752,bearish crossover
622,1727363100,68.68,68.76,68.42,68.53,68.7135,68.96600000000001,bearish crossover
623,1727363400,68.53,68.53,68.41,68.5,68.66799999999999,68.9528,bearish crossover
624,1727363700,68.5,68.57,68.46,68.52,68.636,68.9422,bearish crossover
625,1727364000,68.52,68.62,68.51,68.59,68.6075,68.93480000000001,bearish crossover
626,1727364300,68.59,68.68,68.5,68.62,68.588,68.92739999999999,bearish crossover
627,1727364600,68.62,68.72,68.51,68.68,68.574,68.9242,bearish crossover
628,1727364900,68.68,68.95,68.65,68.94,68.5805,68.9262,bearish crossover
629,1727365200,68.93,68.95,68.87,68.9,68.592,68.9296,bearish crossover
630,1727365500,68.9,68.91,68.72,68.84,68.5995,68.93400000000001,bearish crossover
631,1727365800,68.84,68.86,68.73,68.76,68.61,68.9338,bearish crossover
632,1727366100,68.76,68.88,68.75,68.87,68.63,68.9298,bearish crossover
633,1727366400,68.87,69.2,68.45,68.52,68.6235,68.92200000000001,bearish crossover
634,1727366700,68.51,68.51,68.02,68.1,68.59400000000001,68.9024,bearish crossover
635,1727367000,68.11,68.34,67.94,68.01,68.5605,68.8832,bearish crossover
636,1727367300,68.01,68.15,67.89,67.92,68.53049999999999,68.8578,bearish crossover
637,1727367600,67.92,68.43,67.92,68.33,68.5205,68.8424,bearish crossover
638,1727367900,68.33,68.44,68.19,68.35,68.52250000000001,68.82979999999999,bearish crossover
639,1727368200,68.35,68.45,68.01,68.06,68.506,68.81120000000001,bearish crossover
640,1727368500,68.07,68.33,67.97,67.97,68.4845,68.7902,bearish crossover
641,1727368800,67.97,68.06,67.78,67.85,68.44300000000001,68.7634,bearish crossover
642,1727369100,67.85,67.92,67.74,67.88,68.4105,68.7364,bearish crossover
643,1727369400,67.88,68.14,67.81,68.02,68.3865,68.7072,bearish crossover
644,1727369700,68.02,68.23,67.9,68.19,68.37,68.6816,bearish crossover
645,1727370000,68.19,68.3,68.05,68.12,68.34649999999999,68.6574,bearish crossover
646,1727370300,68.12,68.24,68.05,68.24,68.3275,68.6336,bearish crossover
647,1727370600,68.24,68.4,68.2,68.33,68.31,68.60940000000001,bearish crossover
648,1727370900,68.33,68.34,68.11,68.19,68.2725,68.5836,bearish crossover
649,1727371200,68.19,68.62,68.15,68.59,68.257,68.565,bearish crossover
650,1727371500,68.59,68.84,68.58,68.76,68.253,68.551,bearish crossover
651,1727371800,68.76,69.09,68.75,69.08,68.26899999999999,68.54560000000001,bearish crossover
652,1727372100,69.09,69.11,68.78,68.81,68.26599999999999,68.5362,bearish crossover
653,1727372400,68.81,68.81,68.55,68.59,68.26950000000001,68.5198,bearish crossover
654,1727372700,68.59,68.86,68.59,68.65,68.297,68.5096,bearish crossover
655,1727373000,68.65,68.81,68.52,68.81,68.337,68.5026,bearish crossover
656,1727373300,68.82,68.98,68.73,68.89,68.38550000000001,68.5002,bearish crossover
657,1727373600,68.89,68.93,68.77,68.91,68.4145,68.4992,bearish crossover
658,1727373900,68.9,69.02,68.81,68.9,68.442,68.50099999999999,bearish crossover
659,1727374200,68.9,68.92,68.63,68.7,68.474,68.50160000000001,None
660,1727374500,68.7,68.73,68.55,68.65,68.50800000000001,68.5008,None
661,1727374800,68.65,68.7,68.54,68.65,68.54799999999999,68.5028,None
662,1727375100,68.65,69.24,68.65,69.21,68.61449999999999,68.5176,bullish crossover
663,1727375400,69.2,69.23,68.83,68.89,68.658,68.5224,bullish crossover
664,1727375700,68.89,68.9,68.75,68.8,68.6885,68.5246,bullish crossover
665,1727376000,68.8,68.9,68.7,68.88,68.72650000000002,68.52860000000001,bullish crossover
666,1727376300,68.88,68.92,68.68,68.81,68.75500000000001,68.5344,bullish crossover
667,1727376600,68.81,68.91,68.77,68.86,68.7815,68.541,bullish crossover
668,1727376900,68.86,69.08,68.86,69.08,68.826,68.5564,bullish crossover
669,1727377200,69.08,69.09,68.94,69.07,68.85,68.57,bullish crossover
670,1727377500,69.07,69.09,68.94,68.95,68.8595,68.581,bullish crossover
671,1727377800,68.95,68.99,68.78,68.88,68.8495,68.585,bullish crossover
672,1727378100,68.88,68.91,68.78,68.89,68.85350000000001,68.5922,bullish crossover
673,1727378400,68.88,68.9,68.72,68.76,68.862,68.5974,bullish crossover
674,1727378700,68.76,68.78,68.68,68.7,68.86449999999999,68.601,bullish crossover
675,1727379000,68.7,68.7,68.4,68.41,68.8445,68.5974,bullish crossover
676,1727379300,68.41,68.5,68.33,68.42,68.821,68.5934,bullish crossover
677,1727379600,68.43,68.61,68.42,68.46,68.7985,68.589,bullish crossover
678,1727379900,68.46,68.65,68.44,68.53,68.78,68.5808,bullish crossover
679,1727380200,68.53,68.56,68.34,68.35,68.7625,68.5698,bullish crossover
680,1727380500,68.35,68.44,68.28,68.43,68.7515,68.5616,bullish crossover
681,1727380800,68.43,68.55,68.37,68.52,68.745,68.55680000000001,bullish crossover
682,1727381100,68.53,68.65,68.48,68.57,68.713,68.5508,bullish crossover
683,1727381400,68.55,68.57,68.4,68.46,68.69149999999999,68.5496,bullish crossover
684,1727381700,68.46,68.46,68.22,68.23,68.663,68.5522,bullish crossover
685,1727382000,68.23,68.26,68.15,68.21,68.62950000000001,68.5562,bullish crossover
686,1727382300,68.21,68.23,68.13,68.21,68.5995,68.562,None
687,1727382600,68.21,68.27,68.16,68.2,68.56649999999999,68.55940000000001,None
688,1727382900,68.19,68.21,68.09,68.18,68.5215,68.556,None
689,1727383200,68.18,68.24,68.08,68.19,68.47749999999999,68.5586,bearish crossover
690,1727383500,68.19,68.29,68.17,68.22,68.441,68.5636,bearish crossover
691,1727383800,68.22,68.25,68.09,68.21,68.4075,68.5708,bearish crossover
692,1727384100,68.21,68.32,68.19,68.26,68.376,68.5784,bearish crossover
693,1727384400,68.26,68.39,68.25,68.32,68.354,68.5844,bearish crossover
694,1727384700,68.32,68.45,68.29,68.44,68.34100000000001,68.5894,bearish crossover
695,1727385000,68.44,68.5,68.33,68.44,68.3425,68.5958,bearish crossover
696,1727385300,68.44,68.47,68.28,68.33,68.338,68.5976,bearish crossover
697,1727385600,68.33,68.39,68.24,68.37,68.33349999999999,68.5984,bearish crossover
698,1727385900,68.37,68.54,68.28,68.46,68.33,68.60379999999999,bearish crossover
699,1727386200,68.46,68.49,68.41,68.45,68.33500000000001,68.601,bearish crossover
700,1727386500,68.45,68.46,68.34,68.39,68.333,68.5936,bearish crossover
701,1727386800,68.39,68.4,68.34,68.37,68.3255,68.57939999999999,bearish crossover
702,1727387100,68.37,68.41,68.36,68.37,68.3155,68.5706,bearish crossover
703,1727387400,68.37,68.43,68.35,68.36,68.3105,68.56599999999999,bearish crossover
704,1727387700,68.35,68.38,68.3,68.36,68.317,68.5602,bearish crossover
705,1727388000,68.36,68.4,68.35,68.39,68.326,68.5518,bearish crossover
706,1727388300,68.38,68.4,68.34,68.36,68.33349999999999,68.5412,bearish crossover
707,1727388600,68.36,68.37,68.29,68.33,68.34,68.5296,bearish crossover
708,1727388900,68.33,68.33,68.27,68.3,68.346,68.5176,bearish crossover
709,1727389200,68.3,68.34,68.28,68.29,68.351,68.5094,bearish crossover
710,1727389500,68.29,68.3,68.2,68.2,68.35,68.5004,bearish crossover
711,1727389800,68.2,68.26,68.11,68.11,68.345,68.4896,bearish crossover
712,1727390100,68.11,68.13,68.06,68.12,68.338,68.4678,bearish crossover
713,1727390400,68.12,68.12,68.07,68.1,68.327,68.45200000000001,bearish crossover
714,1727390700,68.1,68.16,68.09,68.1,68.30999999999999,68.438,bearish crossover
715,1727391000,68.1,68.13,68.07,68.07,68.29150000000001,68.42179999999999,bearish crossover
716,1727391300,68.07,68.17,68.05,68.13,68.2815,68.4082,bearish crossover
717,1727391600,68.13,68.21,68.12,68.21,68.2735,68.39519999999999,bearish crossover
718,1727391900,68.21,68.22,68.19,68.21,68.261,68.3778,bearish crossover
719,1727392200,68.21,68.23,68.19,68.22,68.2495,68.3608,bearish crossover
720,1727392500,68.23,68.25,68.2,68.24,68.242,68.3466,bearish crossover
721,1727392800,68.24,68.27,68.24,68.25,68.236,68.334,bearish crossover
722,1727393100,68.25,68.27,68.23,68.26,68.2305,68.3214,bearish crossover
723,1727393400,68.26,68.27,68.24,68.25,68.225,68.3112,bearish crossover
724,1727393700,68.26,68.27,68.19,68.2,68.21700000000001,68.3012,bearish crossover
725,1727394000,68.2,68.24,68.19,68.24,68.20949999999999,68.2978,bearish crossover
726,1727394300,68.24,68.26,68.23,68.26,68.20450000000001,68.2946,bearish crossover
727,1727394600,68.26,68.32,68.25,68.32,68.204,68.2918,bearish crossover
728,1727394900,68.32,68.32,68.21,68.24,68.201,68.286,bearish crossover
729,1727398800,68.23,68.26,68.16,68.18,68.1955,68.28259999999999,bearish crossover
730,1727399100,68.19,68.25,68.18,68.24,68.19749999999999,68.2788,bearish crossover
731,1727399400,68.24,68.27,68.24,68.27,68.2055,68.2738,bearish crossover
732,1727399700,68.27,68.31,68.27,68.29,68.214,68.2682,bearish crossover
733,1727400000,68.29,68.31,68.28,68.3,68.224,68.26499999999999,None
734,1727400300,68.3,68.31,68.28,68.3,68.23400000000001,68.2664,None
735,1727400600,68.3,68.32,68.3,68.31,68.246,68.2684,None
736,1727400900,68.31,68.32,68.31,68.31,68.255,68.2704,None
737,1727401200,68.31,68.31,68.31,68.31,68.26,68.2726,None
738,1727401500,68.31,68.32,68.31,68.32,68.2655,68.2754,None
739,1727401800,68.32,68.32,68.31,68.32,68.2705,68.278,None
740,1727402100,68.32,68.32,68.32,68.32,68.27449999999999,68.28,None
741,1727402400,68.32,68.32,68.29,68.29,68.2765,68.2816,None
742,1727402700,68.29,68.31,68.28,68.31,68.279,68.28259999999999,None
743,1727403000,68.31,68.31,68.31,68.31,68.282,68.28240000000001,None
744,1727403300,68.31,68.31,68.3,68.3,68.287,68.2796,None
745,1727403600,68.3,68.3,68.28,68.28,68.28900000000002,68.27640000000001,None
746,1727403900,68.28,68.29,68.22,68.23,68.2875,68.2744,None
747,1727404200,68.23,68.23,68.21,68.22,68.2825,68.2714,None
748,1727404500,68.22,68.24,68.21,68.21,68.28099999999999,68.26639999999999,None
749,1727404800,68.21,68.21,68.17,68.18,68.281,68.261,None
750,1727405100,68.18,68.18,68.16,68.17,68.2775,68.25659999999999,None
751,1727405400,68.17,68.18,68.08,68.08,68.268,68.2508,None
752,1727405700,68.08,68.11,68.06,68.1,68.2585,68.2454,None
753,1727406000,68.1,68.13,68.0,68.06,68.2465,68.2394,None
754,1727406300,68.06,68.08,67.99,68.02,68.2325,68.2326,None
755,1727406600,68.01,68.03,67.95,67.99,68.2165,68.2246,None
756,1727406900,68.0,68.04,67.96,67.97,68.1995,68.2168,None
757,1727407200,67.97,67.97,67.89,67.91,68.17949999999999,68.2084,None
758,1727407500,67.91,67.91,67.84,67.89,68.158,68.2002,None
759,1727407800,67.88,67.9,67.82,67.83,68.1335,68.19099999999999,bearish crossover
760,1727408100,67.83,67.85,67.83,67.84,68.1095,68.1838,bearish crossover
761,1727408400,67.84,67.91,67.84,67.86,68.088,68.1788,bearish crossover
762,1727408700,67.86,67.93,67.83,67.92,68.0685,68.1748,bearish crossover
763,1727409000,67.92,67.93,67.89,67.9,68.048,68.1708,bearish crossover
764,1727409300,67.9,67.95,67.9,67.92,68.02900000000001,68.1672,bearish crossover
765,1727409600,67.92,68.1,67.86,68.09,68.01950000000001,68.16760000000001,bearish crossover
766,1727409900,68.09,68.12,68.05,68.06,68.011,68.1662,bearish crossover
767,1727410200,68.06,68.19,68.06,68.12,68.006,68.1644,bearish crossover
768,1727410500,68.12,68.13,68.05,68.09,68.0,68.16199999999999,bearish crossover
769,1727410800,68.09,68.1,68.04,68.05,67.9935,68.1586,bearish crossover
770,1727411100,68.05,68.1,68.04,68.09,67.98949999999999,68.15559999999999,bearish crossover
771,1727411400,68.09,68.1,67.98,68.04,67.9875,68.1514,bearish crossover
772,1727411700,68.04,68.06,67.95,68.06,67.9855,68.1474,bearish crossover
773,1727412000,68.06,68.16,68.03,68.05,67.985,68.1434,bearish crossover
774,1727412300,68.05,68.07,68.0,68.03,67.9855,68.14,bearish crossover
775,1727412600,68.03,68.15,68.02,68.14,67.99300000000001,68.138,bearish crossover
776,1727412900,68.14,68.18,68.11,68.14,68.00150000000001,68.1356,bearish crossover
777,1727413200,68.14,68.16,68.01,68.02,68.007,68.1296,bearish crossover
778,1727413500,68.01,68.06,68.01,68.04,68.0145,68.12559999999999,bearish crossover
779,1727413800,68.04,68.1,68.04,68.07,68.0265,68.1234,bearish crossover
780,1727414100,68.07,68.11,68.05,68.07,68.038,68.12,bearish crossover
781,1727414400,68.07,68.09,68.07,68.08,68.049,68.11619999999999,bearish crossover
782,1727414700,68.07,68.08,68.02,68.03,68.0545,68.11099999999999,bearish crossover
783,1727415000,68.03,68.06,68.02,68.05,68.062,68.10600000000001,None
784,1727415300,68.05,68.08,68.03,68.04,68.068,68.10079999999999,None
785,1727415600,68.04,68.11,68.04,68.11,68.069,68.0968,None
786,1727415900,68.1,68.15,68.09,68.15,68.0735,68.09360000000001,None
787,1727416200,68.15,68.15,68.09,68.1,68.0725,68.08940000000001,None
788,1727416500,68.1,68.2,68.08,68.19,68.0775,68.0868,None
789,1727416800,68.19,68.2,68.14,68.16,68.083,68.08359999999999,None
790,1727417100,68.16,68.17,68.12,68.17,68.087,68.0806,None
791,1727417400,68.17,68.18,68.13,68.16,68.09299999999999,68.078,None
792,1727417700,68.15,68.22,68.12,68.22,68.101,68.07620000000001,None
793,1727418000,68.22,68.26,68.17,68.24,68.1105,68.0748,None
794,1727418300,68.24,68.29,68.21,68.28,68.12299999999999,68.07440000000001,None
795,1727418600,68.28,68.29,68.2,68.22,68.127,68.0732,bullish crossover
796,1727418900,68.22,68.25,68.21,68.25,68.1325,68.0736,bullish crossover
797,1727419200,68.25,68.32,68.25,68.29,68.14599999999999,68.075,bullish crossover
798,1727419500,68.29,68.29,68.24,68.25,68.1565,68.0758,bullish crossover
799,1727419800,68.25,68.29,68.25,68.26,68.166,68.07740000000001,bullish crossover
800,1727420100,68.27,68.29,68.26,68.28,68.1765,68.0796,bullish crossover
801,1727420400,68.28,68.31,68.26,68.3,68.1875,68.084,bullish crossover
802,1727420700,68.3,68.35,68.3,68.33,68.2025,68.0886,bullish crossover
803,1727421000,68.33,68.33,68.28,68.31,68.21549999999999,68.0936,bullish crossover
804,1727421300,68.31,68.31,68.25,68.26,68.2265,68.0984,bullish crossover
805,1727421600,68.26,68.27,68.23,68.27,68.2345,68.104,bullish crossover
806,1727421900,68.26,68.27,68.24,68.26,68.24,68.10979999999999,bullish crossover
807,1727422200,68.26,68.28,68.25,68.27,68.24849999999999,68.117,bullish crossover
808,1727422500,68.27,68.28,68.23,68.24,68.251,68.12400000000001,bullish crossover
809,1727422800,68.24,68.27,68.23,68.27,68.2565,68.1328,bullish crossover
810,1727423100,68.27,68.27,68.22,68.24,68.25999999999999,68.1408,bullish crossover
811,1727423400,68.24,68.29,68.24,68.29,68.26650000000001,68.1494,bullish crossover
812,1727423700,68.29,68.31,68.27,68.31,68.271,68.15719999999999,bullish crossover
813,1727424000,68.31,68.33,68.3,68.31,68.2745,68.1654,bullish crossover
814,1727424300,68.31,68.4,68.31,68.36,68.27850000000001,68.1742,bullish crossover
815,1727424600,68.36,68.39,68.34,68.38,68.2865,68.18,bullish crossover
816,1727424900,68.38,68.38,68.35,68.35,68.2915,68.1858,bullish crossover
817,1727425200,68.35,68.38,68.31,68.34,68.29400000000001,68.1902,bullish crossover
818,1727425500,68.34,68.34,68.21,68.22,68.2925,68.19279999999999,bullish crossover
819,1727425800,68.22,68.23,68.14,68.18,68.2885,68.1954,bullish crossover
820,1727426100,68.18,68.24,68.18,68.22,68.28549999999998,68.19800000000001,bullish crossover
821,1727426400,68.22,68.36,68.22,68.32,68.2865,68.20360000000001,bullish crossover
822,1727426700,68.32,68.36,68.29,68.32,68.286,68.2088,bullish crossover
823,1727427000,68.32,68.34,68.21,68.21,68.281,68.212,bullish crossover
824,1727427300,68.21,68.23,68.18,68.2,68.27799999999999,68.2154,bullish crossover
825,1727427600,68.21,68.27,68.21,68.22,68.2755,68.217,bullish crossover
826,1727427900,68.22,68.34,68.22,68.34,68.27950000000001,68.221,bullish crossover
827,1727428200,68.33,68.34,68.26,68.33,68.2825,68.2272,bullish crossover
828,1727428500,68.33,68.51,68.3,68.5,68.2955,68.2364,bullish crossover
829,1727428800,68.5,68.6,68.46,68.6,68.31199999999998,68.247,bullish crossover
830,1727429100,68.6,68.61,68.54,68.57,68.3285,68.257,bullish crossover
831,1727429400,68.57,68.67,68.56,68.63,68.34549999999999,68.268,bullish crossover
832,1727429700,68.63,68.63,68.55,68.61,68.3605,68.2796,bullish crossover
833,1727430000,68.61,68.63,68.57,68.58,68.374,68.2902,bullish crossover
834,1727430300,68.59,68.62,68.54,68.58,68.38499999999999,68.301,bullish crossover
835,1727430600,68.58,68.67,68.53,68.63,68.39750000000001,68.31139999999999,bullish crossover
836,1727430900,68.63,68.63,68.55,68.59,68.40950000000001,68.3202,bullish crossover
837,1727431200,68.59,68.64,68.54,68.55,68.41999999999999,68.3292,bullish crossover
838,1727431500,68.55,68.57,68.47,68.48,68.43299999999999,68.335,bullish crossover
839,1727431800,68.48,68.5,68.39,68.42,68.44500000000001,68.3402,bullish crossover
840,1727432100,68.42,68.48,68.38,68.48,68.458,68.34639999999999,bullish crossover
841,1727432400,68.47,68.48,68.29,68.3,68.457,68.3492,bullish crossover
842,1727432700,68.29,68.3,68.24,68.26,68.454,68.35,bullish crossover
843,1727433000,68.26,68.31,68.23,68.23,68.455,68.3498,bullish crossover
844,1727433300,68.23,68.29,68.14,68.27,68.4585,68.3496,bullish crossover
845,1727433600,68.26,68.42,68.22,68.4,68.4675,68.3532,bullish crossover
846,1727433900,68.4,68.49,68.39,68.47,68.474,68.3576,bullish crossover
847,1727434200,68.47,68.74,68.47,68.66,68.4905,68.365,bullish crossover
848,1727434500,68.66,68.67,68.55,68.65,68.498,68.373,bullish crossover
849,1727434800,68.66,68.72,68.52,68.57,68.4965,68.3792,bullish crossover
850,1727435100,68.58,68.73,68.58,68.71,68.5035,68.3878,bullish crossover
851,1727435400,68.71,68.83,68.7,68.83,68.5135,68.3984,bullish crossover
852,1727435700,68.83,68.89,68.79,68.86,68.526,68.40899999999999,bullish crossover
853,1727436000,68.86,68.89,68.73,68.85,68.5395,68.4198,bullish crossover
854,1727436300,68.85,68.88,68.69,68.71,68.546,68.4288,bullish crossover
855,1727436600,68.68,68.7,68.58,68.64,68.5465,68.4362,bullish crossover
856,1727436900,68.64,68.68,68.45,68.5,68.542,68.441,bullish crossover
857,1727437200,68.51,68.55,68.44,68.53,68.54100000000001,68.4462,bullish crossover
858,1727437500,68.53,68.55,68.46,68.48,68.541,68.451,bullish crossover
859,1727437800,68.48,68.51,68.41,68.48,68.544,68.45519999999999,bullish crossover
860,1727438100,68.48,68.69,68.47,68.69,68.55449999999999,68.4642,bullish crossover
861,1727438400,68.69,68.83,68.66,68.66,68.5725,68.4716,bullish crossover
862,1727438700,68.66,68.69,68.57,68.67,68.59299999999999,68.4788,bullish crossover
863,1727439000,68.67,68.69,68.58,68.62,68.6125,68.48499999999999,bullish crossover
864,1727439300,68.62,68.76,68.61,68.71,68.6345,68.492,bullish crossover
865,1727439600,68.71,68.75,68.66,68.7,68.6495,68.4984,bullish crossover
866,1727439900,68.7,68.7,68.44,68.48,68.65,68.501,bullish crossover
867,1727440200,68.48,68.51,68.34,68.36,68.635,68.50139999999999,bullish crossover
868,1727440500,68.36,68.39,68.3,68.33,68.619,68.5036,bullish crossover
869,1727440800,68.33,68.41,68.3,68.33,68.607,68.50659999999999,bullish crossover
870,1727441100,68.33,68.34,68.29,68.31,68.587,68.5084,bullish crossover
871,1727441400,68.31,68.44,68.29,68.42,68.56649999999999,68.5104,bullish crossover
872,1727441700,68.42,68.49,68.39,68.48,68.54749999999999,68.51360000000001,None
873,1727442000,68.48,68.6,68.44,68.44,68.527,68.51820000000001,None
874,1727442300,68.44,68.5,68.42,68.48,68.5155,68.5238,None
875,1727442600,68.48,68.6,68.44,68.57,68.512,68.5308,None
876,1727442900,68.58,68.58,68.51,68.56,68.51500000000001,68.53519999999999,None
877,1727443200,68.56,68.64,68.53,68.57,68.517,68.54,None
878,1727443500,68.57,68.61,68.55,68.55,68.5205,68.541,None
879,1727443800,68.55,68.7,68.55,68.66,68.52950000000001,68.54220000000001,None
880,1727444100,68.66,68.72,68.64,68.68,68.529,68.5444,None
881,1727444400,68.68,68.73,68.67,68.69,68.53049999999999,68.5456,None
882,1727444700,68.69,68.71,68.61,68.68,68.531,68.547,None
883,1727445000,68.68,68.69,68.6,68.61,68.53049999999999,68.5476,None
884,1727445300,68.61,68.64,68.52,68.52,68.52099999999999,68.54639999999999,None
885,1727445600,68.52,68.62,68.51,68.57,68.5145,68.54520000000001,None
886,1727445900,68.57,68.64,68.56,68.62,68.52149999999999,68.5458,None
887,1727446200,68.62,68.66,68.6,68.64,68.5355,68.54759999999999,None
888,1727446500,68.64,68.76,68.62,68.75,68.5565,68.553,None
889,1727446800,68.75,68.75,68.66,68.67,68.5735,68.558,None
890,1727447100,68.67,68.7,68.5,68.53,68.5845,68.55900000000001,None
891,1727447400,68.53,68.62,68.49,68.59,68.59299999999999,68.56479999999999,None
892,1727447700,68.59,68.61,68.53,68.59,68.5985,68.5714,None
893,1727448000,68.59,68.65,68.56,68.57,68.605,68.57820000000001,None
894,1727448300,68.57,68.77,68.56,68.71,68.6165,68.587,None
895,1727448600,68.71,68.73,68.67,68.71,68.6235,68.59320000000001,None
896,1727448900,68.71,68.72,68.56,68.56,68.62349999999999,68.595,None
897,1727449200,68.57,68.68,68.53,68.67,68.6285,68.5952,None
898,1727449500,68.67,68.68,68.44,68.48,68.625,68.5918,None
899,1727449800,68.48,68.55,68.39,68.49,68.6165,68.5902,None
900,1727450100,68.49,68.55,68.26,68.27,68.596,68.5814,None
901,1727450400,68.27,68.42,68.25,68.34,68.57849999999999,68.5716,None
902,1727450700,68.34,68.39,68.3,68.33,68.561,68.561,None
903,1727451000,68.33,68.48,68.27,68.41,68.551,68.5522,None
904,1727451300,68.41,68.45,68.31,68.42,68.546,68.5464,None
905,1727451600,68.42,68.48,68.38,68.48,68.5415,68.5432,None
906,1727451900,68.48,68.61,68.4,68.4,68.5305,68.5412,None
907,1727452200,68.4,68.4,68.17,68.17,68.50699999999999,68.534,None
908,1727452500,68.17,68.28,68.17,68.25,68.482,68.52940000000001,None
909,1727452800,68.25,68.54,68.08,68.53,68.475,68.5304,bearish crossover
910,1727453100,68.54,68.57,68.26,68.37,68.467,68.524,bearish crossover
911,1727453400,68.37,68.45,68.18,68.34,68.4545,68.5176,bearish crossover
912,1727453700,68.34,68.45,68.29,68.33,68.4415,68.5108,bearish crossover
913,1727454000,68.33,68.4,68.23,68.23,68.4245,68.503,bearish crossover
914,1727454300,68.23,68.49,68.17,68.42,68.41,68.4972,bearish crossover
915,1727454600,68.42,68.57,68.32,68.4,68.39450000000001,68.49119999999999,bearish crossover
916,1727454900,68.39,68.55,68.33,68.38,68.38550000000001,68.4892,bearish crossover
917,1727455200,68.38,68.43,68.13,68.13,68.3585,68.4846,bearish crossover
918,1727455500,68.13,68.14,67.88,68.02,68.3355,68.4784,bearish crossover
919,1727455800,68.02,68.26,67.97,68.19,68.32050000000001,68.4756,bearish crossover
920,1727456100,68.19,68.25,68.09,68.17,68.3155,68.47279999999999,bearish crossover
921,1727456400,68.17,68.32,68.15,68.19,68.308,68.4682,bearish crossover
922,1727456700,68.19,68.25,68.0,68.05,68.294,68.4596,bearish crossover
923,1727457000,68.05,68.42,68.03,68.41,68.29400000000001,68.459,bearish crossover
924,1727457300,68.41,68.52,68.4,68.46,68.296,68.45859999999999,bearish crossover
925,1727457600,68.46,68.65,68.46,68.54,68.299,68.458,bearish crossover
926,1727457900,68.54,68.68,68.49,68.61,68.30949999999999,68.459,bearish crossover
927,1727458200,68.61,68.68,68.56,68.62,68.33200000000001,68.46,bearish crossover
928,1727458500,68.62,68.83,68.54,68.73,68.35600000000001,68.4636,bearish crossover
929,1727458800,68.73,68.77,68.66,68.71,68.36500000000001,68.4646,bearish crossover
930,1727459100,68.7,68.8,68.63,68.67,68.38,68.46440000000001,bearish crossover
931,1727459400,68.67,68.84,68.66,68.76,68.401,68.4658,bearish crossover
932,1727459700,68.76,68.84,68.7,68.73,68.42099999999999,68.4668,None
933,1727460000,68.73,68.76,68.58,68.66,68.4425,68.4678,None
934,1727460300,68.65,68.71,68.44,68.45,68.444,68.46640000000001,None
935,1727460600,68.45,68.6,68.44,68.51,68.4495,68.4652,None
936,1727460900,68.51,68.53,68.43,68.51,68.456,68.46300000000001,None
937,1727461200,68.49,68.65,68.44,68.62,68.48049999999999,68.46260000000001,None
938,1727461500,68.62,68.64,68.45,68.54,68.5065,68.4584,None
939,1727461800,68.53,68.58,68.34,68.37,68.5155,68.45240000000001,bullish crossover
940,1727462100,68.37,68.39,68.27,68.38,68.52600000000001,68.4494,bullish crossover
941,1727462400,68.38,68.64,68.35,68.62,68.5475,68.45,bullish crossover
942,1727462700,68.62,69.15,68.62,69.12,68.60100000000001,68.4606,bullish crossover
943,1727463000,69.13,69.2,68.83,68.92,68.6265,68.4676,bullish crossover
944,1727463300,68.92,68.98,68.81,68.86,68.6465,68.47059999999999,bullish crossover
945,1727463600,68.86,68.89,68.72,68.8,68.65950000000001,68.4724,bullish crossover
946,1727463900,68.8,69.01,68.77,68.99,68.67850000000001,68.481,bullish crossover
947,1727464200,68.99,69.27,68.99,69.22,68.7085,68.492,bullish crossover
948,1727464500,69.22,69.37,69.2,69.28,68.736,68.508,bullish crossover
949,1727464800,69.28,69.31,69.2,69.25,68.763,68.5232,bullish crossover
950,1727465100,69.25,69.26,68.81,68.9,68.7745,68.5358,bullish crossover
951,1727465400,68.9,68.92,68.74,68.81,68.77700000000002,68.5452,bullish crossover
952,1727465700,68.81,68.96,68.77,68.92,68.7865,68.557,bullish crossover
953,1727466000,68.92,68.96,68.87,68.9,68.7985,68.5668,bullish crossover
954,1727466300,68.9,69.0,68.88,68.94,68.82300000000001,68.5772,bullish crossover
955,1727466600,68.94,69.08,68.92,69.04,68.8495,68.58840000000001,bullish crossover
956,1727466900,69.04,69.07,68.96,69.06,68.877,68.6016,bullish crossover
957,1727467200,69.05,69.2,69.04,69.18,68.905,68.6218,bullish crossover
958,1727467500,69.19,69.23,69.08,69.09,68.93249999999999,68.6386,bullish crossover
959,1727467800,69.09,69.1,68.88,68.99,68.9635,68.6478,bullish crossover
960,1727468100,68.99,69.0,68.9,68.95,68.99199999999999,68.6594,bullish crossover
961,1727468400,68.95,68.96,68.82,68.85,69.0035,68.6696,bullish crossover
962,1727468700,68.85,68.89,68.78,68.84,68.98949999999999,68.6798,bullish crossover
963,1727469000,68.84,68.88,68.76,68.8,68.9835,68.69120000000001,bullish crossover
964,1727469300,68.8,68.8,68.44,68.48,68.9645,68.69239999999999,bullish crossover
965,1727469600,68.48,68.49,68.31,68.45,68.947,68.6934,bullish crossover
966,1727469900,68.45,68.55,68.41,68.48,68.92150000000001,68.6954,bullish crossover
967,1727470200,68.48,68.54,68.46,68.52,68.8865,68.70320000000001,bullish crossover
968,1727470500,68.52,68.63,68.5,68.51,68.848,68.71300000000001,bullish crossover
969,1727470800,68.52,68.57,68.43,68.57,68.814,68.7206,bullish crossover
970,1727471100,68.57,68.62,68.52,68.6,68.799,68.7292,bullish crossover
971,1727471400,68.6,69.09,68.58,69.02,68.8095,68.7458,bullish crossover
972,1727471700,69.02,69.05,68.89,69.03,68.81500000000001,68.7654,None
973,1727472000,69.03,69.11,68.99,69.05,68.8225,68.7782,None
974,1727472300,69.05,69.1,68.88,68.88,68.81949999999999,68.78659999999999,None
975,1727472600,68.89,69.02,68.86,69.01,68.818,68.796,None
976,1727472900,69.01,69.09,68.99,69.05,68.81750000000001,68.8048,None
977,1727473200,69.05,69.11,69.04,69.06,68.8115,68.8136,None
978,1727473500,69.06,69.2,69.06,69.19,68.8165,68.8228,None
979,1727473800,69.19,69.19,69.07,69.07,68.82050000000001,68.83,None
980,1727474100,69.08,69.08,68.99,69.0,68.82300000000001,68.8366,None
981,1727474400,69.0,69.02,68.93,68.96,68.8285,68.84060000000001,None
982,1727474700,68.96,68.99,68.94,68.94,68.83349999999999,68.8448,None
983,1727475000,68.94,69.01,68.94,69.0,68.84349999999999,68.8516,None
984,1727475300,69.0,69.05,69.0,69.03,68.87100000000001,68.86319999999999,None
985,1727475600,69.04,69.06,69.0,69.04,68.9005,68.8738,None
986,1727475900,69.04,69.09,69.03,69.05,68.929,68.8846,None
987,1727476200,69.05,69.16,69.05,69.15,68.9605,68.8952,bullish crossover
988,1727476500,69.15,69.21,69.12,69.19,68.99449999999999,68.90820000000001,bullish crossover
989,1727476800,69.19,69.3,69.18,69.28,69.03,68.9264,bullish crossover
990,1727477100,69.28,69.33,69.24,69.31,69.06550000000001,68.945,bullish crossover
991,1727477400,69.31,69.35,69.31,69.34,69.08149999999999,68.9594,bullish crossover
992,1727477700,69.33,69.36,69.3,69.3,69.095,68.96300000000001,bullish crossover
993,1727478000,69.3,69.3,69.23,69.29,69.107,68.9704,bullish crossover
994,1727478300,69.29,69.34,69.29,69.31,69.1285,68.9794,bullish crossover
995,1727478600,69.31,69.31,69.27,69.3,69.143,68.98939999999999,bullish crossover
996,1727478900,69.3,69.31,69.29,69.31,69.15599999999999,68.9958,bullish crossover
997,1727479200,69.31,69.34,69.29,69.34,69.16999999999999,68.9982,bullish crossover
998,1727479500,69.34,69.35,69.32,69.33,69.17699999999999,68.9992,bullish crossover
999,1727479800,69.33,69.37,69.32,69.36,69.19149999999999,69.0014,bullish crossover
